{
    "ABIO": 84.08,
    "ABRD": 185.2,
    "AFKS": 15.298,
    "AFLT": 72.22,
    "AGRO": 0,
    "AKRN": 16170,
    "ALRS": 51.12,
    "AMEZ": 0,
    "APRI": 13.176,
    "APTK": 10.38,
    "AQUA": 666.5,
    "ARSA": 11.19,
    "ASSB": 1.79,
    "ASTR": 401.75,
    "AVAN": 770,
    "BANE": 1991,
    "BANEP": 1173,
    "BELU": 509.5,
    "BISVP": 9.18,
    "BLNG": 14.54,
    "BRZL": 1892,
    "BSPB": 392.73,
    "BSPBP": 74.85,
    "CARM": 1.5345,
    "CBOM": 8.137,
    "CHGZ": 93.2,
    "CHKZ": 18050,
    "CHMF": 1031,
    "CHMK": 5290,
    "CNRU": 532,
    "CNTL": 11,
    "CNTLP": 7.52,
    "DATA": 131.02,
    "DELI": 174.2,
    "DIAS": 3447.5,
    "DIOD": 11.41,
    "DVEC": 2.163,
    "DZRD": 3865,
    "DZRDP": 2630,
    "EELT": 11.56,
    "ELFV": 0.5114,
    "ELMT": 0.1349,
    "ENPG": 440.1,
    "ETLN": 62.94,
    "EUTR": 125.95,
    "FEES": 0.07044,
    "FESH": 61.52,
    "FIXP": 161.7,
    "FLOT": 87.07,
    "GAZA": 693,
    "GAZAP": 442.5,
    "GAZC": 0,
    "GAZP": 138.71,
    "GAZS": 0,
    "GAZT": 0,
    "GCHE": 3817,
    "GECO": 28.96,
    "GEMA": 123.2,
    "GEMC": 817.2,
    "GMKN": 114.06,
    "GTRK": 228.9,
    "HEAD": 3100,
    "HIMCP": 21.98,
    "HNFG": 639.1,
    "HYDR": 0.462,
    "IGST": 6040,
    "IGSTP": 4470,
    "INGR": 1764,
    "IRAO": 3.542,
    "IRKT": 31.06,
    "IVAT": 149.6,
    "JNOS": 16.9,
    "JNOSP": 10.86,
    "KAZT": 479.6,
    "KAZTP": 489,
    "KBSB": 442.5,
    "KCHE": 0.453,
    "KCHEP": 0.76,
    "KGKC": 41.6,
    "KGKCP": 51.4,
    "KLSB": 23.23,
    "KLVZ": 3.87,
    "KMAZ": 106.6,
    "KMEZ": 1202,
    "KOGK": 39800,
    "KRKN": 9400,
    "KRKNP": 8140,
    "KRKOP": 13.22,
    "KROT": 1478,
    "KROTP": 475,
    "KRSB": 15.72,
    "KRSBP": 15.6,
    "KUZB": 0.03605,
    "KZOS": 80,
    "KZOSP": 20.96,
    "LEAS": 631.6,
    "LENT": 1431,
    "LIFE": 3.675,
    "LKOH": 6747,
    "LMBZ": 501,
    "LNZL": 13110,
    "LNZLP": 1895,
    "LPSB": 64.4,
    "LSNG": 14.22,
    "LSNGP": 208,
    "LSRG": 803,
    "LVHK": 29.8,
    "MAGE": 3.01,
    "MAGEP": 2.25,
    "MAGN": 33.085,
    "MBNK": 1410.5,
    "MDMG": 1005.2,
    "MFGS": 0,
    "MFGSP": 235,
    "MGKL": 2.565,
    "MGNT": 4512.5,
    "MGNZ": 0,
    "MGTS": 1160,
    "MGTSP": 852,
    "MISB": 48.5,
    "MISBP": 45.4,
    "MOEX": 195.37,
    "MRKC": 0.5792,
    "MRKK": 16.86,
    "MRKP": 0.3817,
    "MRKS": 0.528,
    "MRKU": 0.3888,
    "MRKV": 0.07095,
    "MRKY": 0.073,
    "MRKZ": 0.06305,
    "MRSB": 0.72,
    "MSNG": 2.3215,
    "MSRS": 1.179,
    "MSTT": 134,
    "MTLR": 94.86,
    "MTLRP": 96.55,
    "MTSS": 216.8,
    "MVID": 110.35,
    "NAUK": 476,
    "NFAZ": 353.5,
    "NKHP": 864.5,
    "NKNC": 92.3,
    "NKNCP": 70.92,
    "NKSH": 48,
    "NLMK": 130.78,
    "NMTP": 9.425,
    "NNSB": 3680,
    "NNSBP": 1200,
    "NSVZ": 314.5,
    "NVTK": 1233.8,
    "OGKB": 0.3524,
    "OKEY": 31.15,
    "OMZZP": 12160,
    "OZON": 3630.5,
    "OZPH": 56.61,
    "PAZA": 11280,
    "PHOR": 6232,
    "PIKK": 437.7,
    "PLZL": 1953.4,
    "PMSB": 251.2,
    "PMSBP": 259.2,
    "POSI": 1289.4,
    "PRFN": 4.26,
    "PRMB": 0,
    "PRMD": 406.15,
    "QIWI": 170.2,
    "RAGR": 130.28,
    "RASP": 245.15,
    "RBCM": 13.91,
    "RDRB": 145.5,
    "RENI": 120.48,
    "RGSS": 0.2556,
    "RKKE": 19430,
    "RNFT": 129.05,
    "ROLO": 0.648,
    "ROSN": 482.8,
    "ROST": 119.6,
    "RTGZ": 58600,
    "RTKM": 57.59,
    "RTKMP": 56,
    "RTSB": 2.8,
    "RTSBP": 1.36,
    "RUAL": 33.94,
    "RUSI": 83.8,
    "RZSB": 30.38,
    "SAGO": 2.83,
    "SAGOP": 2.8,
    "SARE": 0.441,
    "SAREP": 0.2425,
    "SBER": 307.73,
    "SBERP": 305.52,
    "SELG": 49.43,
    "SFIN": 1373.6,
    "SGZH": 1.535,
    "SIBN": 559.6,
    "SLEN": 3.305,
    "SMLT": 1172,
    "SNGS": 24.135,
    "SNGSP": 52.99,
    "SOFL": 105.62,
    "SPBE": 254.9,
    "STSB": 3.845,
    "STSBP": 4.57,
    "SVAV": 707.5,
    "SVCB": 16.41,
    "SVET": 16.3,
    "SVETP": 23.7,
    "T": 3215,
    "TASB": 1.434,
    "TASBP": 0.868,
    "TATN": 702.1,
    "TATNP": 668.3,
    "TGKA": 0.006816,
    "TGKB": 0.006645,
    "TGKBP": 0.01049,
    "TGKN": 0.008,
    "TNSE": 2260,
    "TORS": 0.584,
    "TORSP": 0.417,
    "TRMK": 113.7,
    "TRNFP": 1303.8,
    "TTLK": 0.7145,
    "TUZA": 185,
    "UGLD": 0.7298,
    "UKUZ": 1050,
    "UNAC": 0.61,
    "UNKL": 5560,
    "UPRO": 1.805,
    "URKZ": 34200,
    "USBN": 0.1583,
    "UTAR": 12.78,
    "UWGN": 43.28,
    "VEON-RX": 88.75,
    "VGSB": 10.95,
    "VGSBP": 10.8,
    "VJGZ": 2675,
    "VJGZP": 1595,
    "VKCO": 255.1,
    "VLHZ": 193.4,
    "VRSB": 389.5,
    "VRSBP": 124.8,
    "VSEH": 94.95,
    "VSMO": 31900,
    "VSYD": 11850,
    "VSYDP": 8200,
    "VTBR": 84.99,
    "WTCM": 13.36,
    "WTCMP": 11.22,
    "WUSH": 192.09,
    "X5": 3393,
    "YAKG": 59.45,
    "YDEX": 4302.5,
    "YKEN": 0.485,
    "YKENP": 0.371,
    "YRSB": 730,
    "YRSBP": 204,
    "ZAYM": 148.65,
    "ZILL": 4130,
    "ZVEZ": 7.61
}